threads,layout,time_ms_mean,time_ms_std,gflops_mean,gflops_std
1,right,927.2496666666666,22.677626536596236,2.3166666666666664,0.056888780381840934
2,right,573.6686666666667,8.052612888580525,3.7436666666666665,0.05244362052083483
4,right,354.919,5.088467057965504,6.051666666666667,0.08750619025722338
8,right,267.4843333333333,4.919259124434621,8.030333333333333,0.14658217263137202
