threads,layout,time_ms_mean,time_ms_std,gflops_mean,gflops_std
1,right,1375.7993333333334,18.718929465472495,1.561,0.02179449471770341
2,right,964.906,86.80114430697324,2.2376666666666667,0.1987871558560396
4,right,553.4753333333333,23.513663736928223,3.8850000000000002,0.1631839452887448
8,right,522.812,49.836087236058134,4.131333333333334,0.37776227092357095
