threads,layout,time_ms_mean,time_ms_std,gflops_mean,gflops_std
1,right,658.7536666666667,4.44892575048555,3.26,0.021656407827707565
2,right,415.432,49.27551591815149,5.218333333333334,0.6201325127207356
4,right,209.51333333333332,8.585260993897231,10.261666666666667,0.4304118183011863
8,right,164.065,2.685132585180849,13.091666666666667,0.21320725441066374
