,Nombre de threads,Temps_left (ms),Erreur_temps_left (ms),Perf_left (GFLOP/s),Erreur_perf_left (GFLOP/s),Temps_right (ms),Erreur_temps_right (ms),Perf_right (GFLOP/s),Erreur_perf_right (GFLOP/s)
0,1,1485.682,12.37172215174592,1.4456666666666669,0.0120968315410827,1375.7993333333334,18.718929465472492,1.561,0.0217944947177034
1,2,834.81,33.60390094914576,2.575333333333333,0.103161685394013,964.906,86.80114430697324,2.2376666666666667,0.1987871558560396
2,4,636.0223333333333,30.690035016815045,3.381666666666667,0.1648797541644617,553.4753333333333,23.513663736928223,3.885,0.1631839452887448
3,8,594.6410000000001,26.37287654011221,3.616333333333333,0.158824851120136,522.812,49.83608723605813,4.131333333333334,0.3777622709235709
