threads,layout,time_ms_mean,time_ms_std,gflops_mean,gflops_std
1,right,806.3183333333333,17.2527371838017,2.6643333333333334,0.0579511288357123
2,right,495.16833333333335,10.47205377819142,4.338333333333333,0.0904673053281312
4,right,307.7183333333333,1.90516202285616,6.979,0.043405068828421524
8,right,226.651,12.867085256576175,9.494333333333334,0.5220003192847045
