threads,layout,time_ms_mean,time_ms_std,gflops_mean,gflops_std
1,left,1485.682,12.371722151745919,1.4456666666666667,0.012096831541082757
2,left,834.81,33.60390094914576,2.575333333333333,0.10316168539401308
4,left,636.0223333333333,30.690035016815045,3.381666666666667,0.16487975416446174
8,left,594.6410000000001,26.372876540112212,3.6163333333333334,0.15882485112013603
